"DATA_OBITO";"NRS";"obitos";"mm_7d"
2020-03-28;"";0;NA
2020-03-28;"Centro-leste";0;NA
2020-03-28;"Centro-norte";0;NA
2020-03-28;"Extremo sul";0;NA
2020-03-28;"Leste";1;NA
2020-03-28;"Nordeste";0;NA
2020-03-28;"Norte";0;NA
2020-03-28;"Oeste";0;NA
2020-03-28;"Sudoeste";0;NA
2020-03-28;"Sul";0;NA
2020-03-29;"";0;NA
2020-03-29;"Centro-leste";0;NA
2020-03-29;"Centro-norte";0;NA
2020-03-29;"Extremo sul";0;NA
2020-03-29;"Leste";0;NA
2020-03-29;"Nordeste";0;NA
2020-03-29;"Norte";0;NA
2020-03-29;"Oeste";0;NA
2020-03-29;"Sudoeste";0;NA
2020-03-29;"Sul";0;NA
2020-03-30;"";0;NA
2020-03-30;"Centro-leste";1;NA
2020-03-30;"Centro-norte";0;NA
2020-03-30;"Extremo sul";0;NA
2020-03-30;"Leste";1;NA
2020-03-30;"Nordeste";0;NA
2020-03-30;"Norte";0;NA
2020-03-30;"Oeste";0;NA
2020-03-30;"Sudoeste";0;NA
2020-03-30;"Sul";0;NA
2020-03-31;"";0;NA
2020-03-31;"Centro-leste";0;NA
2020-03-31;"Centro-norte";0;NA
2020-03-31;"Extremo sul";0;NA
2020-03-31;"Leste";0;NA
2020-03-31;"Nordeste";0;NA
2020-03-31;"Norte";0;NA
2020-03-31;"Oeste";0;NA
2020-03-31;"Sudoeste";0;NA
2020-03-31;"Sul";0;NA
2020-04-01;"";0;NA
2020-04-01;"Centro-leste";0;NA
2020-04-01;"Centro-norte";0;NA
2020-04-01;"Extremo sul";0;NA
2020-04-01;"Leste";0;NA
2020-04-01;"Nordeste";0;NA
2020-04-01;"Norte";0;NA
2020-04-01;"Oeste";0;NA
2020-04-01;"Sudoeste";1;NA
2020-04-01;"Sul";0;NA
2020-04-02;"";0;NA
2020-04-02;"Centro-leste";0;NA
2020-04-02;"Centro-norte";0;NA
2020-04-02;"Extremo sul";0;NA
2020-04-02;"Leste";2;NA
2020-04-02;"Nordeste";0;NA
2020-04-02;"Norte";0;NA
2020-04-02;"Oeste";0;NA
2020-04-02;"Sudoeste";0;NA
2020-04-02;"Sul";0;NA
2020-04-03;"";0;0
2020-04-03;"Centro-leste";0;0,142857142857143
2020-04-03;"Centro-norte";0;0
2020-04-03;"Extremo sul";0;0
2020-04-03;"Leste";2;0,857142857142857
2020-04-03;"Nordeste";0;0
2020-04-03;"Norte";0;0
2020-04-03;"Oeste";0;0
2020-04-03;"Sudoeste";0;0,142857142857143
2020-04-03;"Sul";0;0
2020-04-04;"";0;0
2020-04-04;"Centro-leste";0;0,142857142857143
2020-04-04;"Centro-norte";0;0
2020-04-04;"Extremo sul";0;0
2020-04-04;"Leste";1;0,857142857142857
2020-04-04;"Nordeste";0;0
2020-04-04;"Norte";0;0
2020-04-04;"Oeste";0;0
2020-04-04;"Sudoeste";0;0,142857142857143
2020-04-04;"Sul";1;0,142857142857143
2020-04-05;"";0;0
2020-04-05;"Centro-leste";0;0,142857142857143
2020-04-05;"Centro-norte";0;0
2020-04-05;"Extremo sul";0;0
2020-04-05;"Leste";1;1
2020-04-05;"Nordeste";0;0
2020-04-05;"Norte";0;0
2020-04-05;"Oeste";0;0
2020-04-05;"Sudoeste";0;0,142857142857143
2020-04-05;"Sul";0;0,142857142857143
2020-04-06;"";0;0
2020-04-06;"Centro-leste";1;0,142857142857143
2020-04-06;"Centro-norte";0;0
2020-04-06;"Extremo sul";0;0
2020-04-06;"Leste";2;1,14285714285714
2020-04-06;"Nordeste";0;0
2020-04-06;"Norte";0;0
2020-04-06;"Oeste";0;0
2020-04-06;"Sudoeste";0;0,142857142857143
2020-04-06;"Sul";0;0,142857142857143
2020-04-07;"";0;0
2020-04-07;"Centro-leste";0;0,142857142857143
2020-04-07;"Centro-norte";0;0
2020-04-07;"Extremo sul";0;0
2020-04-07;"Leste";3;1,57142857142857
2020-04-07;"Nordeste";1;0,142857142857143
2020-04-07;"Norte";0;0
2020-04-07;"Oeste";0;0
2020-04-07;"Sudoeste";0;0,142857142857143
2020-04-07;"Sul";1;0,285714285714286
2020-04-08;"";0;0
2020-04-08;"Centro-leste";0;0,142857142857143
2020-04-08;"Centro-norte";0;0
2020-04-08;"Extremo sul";0;0
2020-04-08;"Leste";0;1,57142857142857
2020-04-08;"Nordeste";0;0,142857142857143
2020-04-08;"Norte";0;0
2020-04-08;"Oeste";0;0
2020-04-08;"Sudoeste";0;0
2020-04-08;"Sul";1;0,428571428571429
2020-04-09;"";0;0
2020-04-09;"Centro-leste";0;0,142857142857143
2020-04-09;"Centro-norte";0;0
2020-04-09;"Extremo sul";0;0
2020-04-09;"Leste";0;1,28571428571429
2020-04-09;"Nordeste";0;0,142857142857143
2020-04-09;"Norte";0;0
2020-04-09;"Oeste";0;0
2020-04-09;"Sudoeste";0;0
2020-04-09;"Sul";0;0,428571428571429
2020-04-10;"";0;0
2020-04-10;"Centro-leste";0;0,142857142857143
2020-04-10;"Centro-norte";0;0
2020-04-10;"Extremo sul";0;0
2020-04-10;"Leste";0;1
2020-04-10;"Nordeste";0;0,142857142857143
2020-04-10;"Norte";0;0
2020-04-10;"Oeste";0;0
2020-04-10;"Sudoeste";0;0
2020-04-10;"Sul";2;0,714285714285714
2020-04-11;"";1;0,142857142857143
2020-04-11;"Centro-leste";0;0,142857142857143
2020-04-11;"Centro-norte";0;0
2020-04-11;"Extremo sul";0;0
2020-04-11;"Leste";0;0,857142857142857
2020-04-11;"Nordeste";0;0,142857142857143
2020-04-11;"Norte";0;0
2020-04-11;"Oeste";0;0
2020-04-11;"Sudoeste";0;0
2020-04-11;"Sul";0;0,571428571428571
2020-04-12;"";0;0,142857142857143
2020-04-12;"Centro-leste";0;0,142857142857143
2020-04-12;"Centro-norte";0;0
2020-04-12;"Extremo sul";0;0
2020-04-12;"Leste";1;0,857142857142857
2020-04-12;"Nordeste";0;0,142857142857143
2020-04-12;"Norte";0;0
2020-04-12;"Oeste";0;0
2020-04-12;"Sudoeste";0;0
2020-04-12;"Sul";0;0,571428571428571
2020-04-13;"";0;0,142857142857143
2020-04-13;"Centro-leste";0;0
2020-04-13;"Centro-norte";0;0
2020-04-13;"Extremo sul";0;0
2020-04-13;"Leste";1;0,714285714285714
2020-04-13;"Nordeste";0;0,142857142857143
2020-04-13;"Norte";0;0
2020-04-13;"Oeste";0;0
2020-04-13;"Sudoeste";1;0,142857142857143
2020-04-13;"Sul";1;0,714285714285714
2020-04-14;"";0;0,142857142857143
2020-04-14;"Centro-leste";0;0
2020-04-14;"Centro-norte";0;0
2020-04-14;"Extremo sul";1;0,142857142857143
2020-04-14;"Leste";2;0,571428571428571
2020-04-14;"Nordeste";0;0
2020-04-14;"Norte";0;0
2020-04-14;"Oeste";0;0
2020-04-14;"Sudoeste";0;0,142857142857143
2020-04-14;"Sul";0;0,571428571428571
2020-04-15;"";0;0,142857142857143
2020-04-15;"Centro-leste";0;0
2020-04-15;"Centro-norte";0;0
2020-04-15;"Extremo sul";0;0,142857142857143
2020-04-15;"Leste";5;1,28571428571429
2020-04-15;"Nordeste";0;0
2020-04-15;"Norte";0;0
2020-04-15;"Oeste";0;0
2020-04-15;"Sudoeste";0;0,142857142857143
2020-04-15;"Sul";0;0,428571428571429
2020-04-16;"";0;0,142857142857143
2020-04-16;"Centro-leste";0;0
2020-04-16;"Centro-norte";0;0
2020-04-16;"Extremo sul";0;0,142857142857143
2020-04-16;"Leste";4;1,85714285714286
2020-04-16;"Nordeste";0;0
2020-04-16;"Norte";0;0
2020-04-16;"Oeste";0;0
2020-04-16;"Sudoeste";0;0,142857142857143
2020-04-16;"Sul";3;0,857142857142857
2020-04-17;"";0;0,142857142857143
2020-04-17;"Centro-leste";0;0
2020-04-17;"Centro-norte";0;0
2020-04-17;"Extremo sul";0;0,142857142857143
2020-04-17;"Leste";3;2,28571428571429
2020-04-17;"Nordeste";0;0
2020-04-17;"Norte";1;0,142857142857143
2020-04-17;"Oeste";0;0
2020-04-17;"Sudoeste";0;0,142857142857143
2020-04-17;"Sul";0;0,571428571428571
2020-04-18;"";0;0
2020-04-18;"Centro-leste";1;0,142857142857143
2020-04-18;"Centro-norte";0;0
2020-04-18;"Extremo sul";0;0,142857142857143
2020-04-18;"Leste";6;3,14285714285714
2020-04-18;"Nordeste";0;0
2020-04-18;"Norte";0;0,142857142857143
2020-04-18;"Oeste";0;0
2020-04-18;"Sudoeste";0;0,142857142857143
2020-04-18;"Sul";1;0,714285714285714
2020-04-19;"";0;0
2020-04-19;"Centro-leste";0;0,142857142857143
2020-04-19;"Centro-norte";0;0
2020-04-19;"Extremo sul";0;0,142857142857143
2020-04-19;"Leste";0;3
2020-04-19;"Nordeste";0;0
2020-04-19;"Norte";0;0,142857142857143
2020-04-19;"Oeste";0;0
2020-04-19;"Sudoeste";0;0,142857142857143
2020-04-19;"Sul";2;1
2020-04-20;"";0;0
2020-04-20;"Centro-leste";1;0,285714285714286
2020-04-20;"Centro-norte";0;0
2020-04-20;"Extremo sul";0;0,142857142857143
2020-04-20;"Leste";0;2,85714285714286
2020-04-20;"Nordeste";0;0
2020-04-20;"Norte";0;0,142857142857143
2020-04-20;"Oeste";0;0
2020-04-20;"Sudoeste";0;0
2020-04-20;"Sul";2;1,14285714285714
2020-04-21;"";0;0
2020-04-21;"Centro-leste";0;0,285714285714286
2020-04-21;"Centro-norte";1;0,142857142857143
2020-04-21;"Extremo sul";0;0
2020-04-21;"Leste";5;3,28571428571429
2020-04-21;"Nordeste";0;0
2020-04-21;"Norte";0;0,142857142857143
2020-04-21;"Oeste";0;0
2020-04-21;"Sudoeste";0;0
2020-04-21;"Sul";0;1,14285714285714
2020-04-22;"";0;0
2020-04-22;"Centro-leste";0;0,285714285714286
2020-04-22;"Centro-norte";0;0,142857142857143
2020-04-22;"Extremo sul";0;0
2020-04-22;"Leste";10;4
2020-04-22;"Nordeste";0;0
2020-04-22;"Norte";0;0,142857142857143
2020-04-22;"Oeste";0;0
2020-04-22;"Sudoeste";1;0,142857142857143
2020-04-22;"Sul";3;1,57142857142857
2020-04-23;"";0;0
2020-04-23;"Centro-leste";0;0,285714285714286
2020-04-23;"Centro-norte";0;0,142857142857143
2020-04-23;"Extremo sul";0;0
2020-04-23;"Leste";8;4,57142857142857
2020-04-23;"Nordeste";1;0,142857142857143
2020-04-23;"Norte";0;0,142857142857143
2020-04-23;"Oeste";0;0
2020-04-23;"Sudoeste";1;0,285714285714286
2020-04-23;"Sul";3;1,57142857142857
2020-04-24;"";0;0
2020-04-24;"Centro-leste";0;0,285714285714286
2020-04-24;"Centro-norte";0;0,142857142857143
2020-04-24;"Extremo sul";0;0
2020-04-24;"Leste";9;5,42857142857143
2020-04-24;"Nordeste";0;0,142857142857143
2020-04-24;"Norte";0;0
2020-04-24;"Oeste";0;0
2020-04-24;"Sudoeste";0;0,285714285714286
2020-04-24;"Sul";0;1,57142857142857
2020-04-25;"";0;0
2020-04-25;"Centro-leste";0;0,142857142857143
2020-04-25;"Centro-norte";0;0,142857142857143
2020-04-25;"Extremo sul";1;0,142857142857143
2020-04-25;"Leste";5;5,28571428571429
2020-04-25;"Nordeste";0;0,142857142857143
2020-04-25;"Norte";0;0
2020-04-25;"Oeste";0;0
2020-04-25;"Sudoeste";0;0,285714285714286
2020-04-25;"Sul";1;1,57142857142857
2020-04-26;"";0;0
2020-04-26;"Centro-leste";0;0,142857142857143
2020-04-26;"Centro-norte";0;0,142857142857143
2020-04-26;"Extremo sul";0;0,142857142857143
2020-04-26;"Leste";5;6
2020-04-26;"Nordeste";0;0,142857142857143
2020-04-26;"Norte";0;0
2020-04-26;"Oeste";0;0
2020-04-26;"Sudoeste";1;0,428571428571429
2020-04-26;"Sul";0;1,28571428571429
2020-04-27;"";1;0,142857142857143
2020-04-27;"Centro-leste";0;0
2020-04-27;"Centro-norte";0;0,142857142857143
2020-04-27;"Extremo sul";0;0,142857142857143
2020-04-27;"Leste";6;6,85714285714286
2020-04-27;"Nordeste";0;0,142857142857143
2020-04-27;"Norte";0;0
2020-04-27;"Oeste";0;0
2020-04-27;"Sudoeste";0;0,428571428571429
2020-04-27;"Sul";2;1,28571428571429
2020-04-28;"";0;0,142857142857143
2020-04-28;"Centro-leste";0;0
2020-04-28;"Centro-norte";0;0
2020-04-28;"Extremo sul";0;0,142857142857143
2020-04-28;"Leste";7;7,14285714285714
2020-04-28;"Nordeste";0;0,142857142857143
2020-04-28;"Norte";0;0
2020-04-28;"Oeste";0;0
2020-04-28;"Sudoeste";0;0,428571428571429
2020-04-28;"Sul";3;1,71428571428571
2020-04-29;"";0;0,142857142857143
2020-04-29;"Centro-leste";0;0
2020-04-29;"Centro-norte";0;0
2020-04-29;"Extremo sul";0;0,142857142857143
2020-04-29;"Leste";8;6,85714285714286
2020-04-29;"Nordeste";1;0,285714285714286
2020-04-29;"Norte";0;0
2020-04-29;"Oeste";0;0
2020-04-29;"Sudoeste";0;0,285714285714286
2020-04-29;"Sul";3;1,71428571428571
2020-04-30;"";0;0,142857142857143
2020-04-30;"Centro-leste";0;0
2020-04-30;"Centro-norte";0;0
2020-04-30;"Extremo sul";1;0,285714285714286
2020-04-30;"Leste";11;7,28571428571429
2020-04-30;"Nordeste";0;0,142857142857143
2020-04-30;"Norte";0;0
2020-04-30;"Oeste";0;0
2020-04-30;"Sudoeste";0;0,142857142857143
2020-04-30;"Sul";4;1,85714285714286
2020-05-01;"";0;0,142857142857143
2020-05-01;"Centro-leste";0;0
2020-05-01;"Centro-norte";0;0
2020-05-01;"Extremo sul";0;0,285714285714286
2020-05-01;"Leste";4;6,57142857142857
2020-05-01;"Nordeste";0;0,142857142857143
2020-05-01;"Norte";0;0
2020-05-01;"Oeste";0;0
2020-05-01;"Sudoeste";0;0,142857142857143
2020-05-01;"Sul";2;2,14285714285714
2020-05-02;"";1;0,285714285714286
2020-05-02;"Centro-leste";0;0
2020-05-02;"Centro-norte";0;0
2020-05-02;"Extremo sul";0;0,142857142857143
2020-05-02;"Leste";9;7,14285714285714
2020-05-02;"Nordeste";0;0,142857142857143
2020-05-02;"Norte";0;0
2020-05-02;"Oeste";0;0
2020-05-02;"Sudoeste";1;0,285714285714286
2020-05-02;"Sul";3;2,42857142857143
2020-05-03;"";0;0,285714285714286
2020-05-03;"Centro-leste";0;0
2020-05-03;"Centro-norte";0;0
2020-05-03;"Extremo sul";0;0,142857142857143
2020-05-03;"Leste";13;8,28571428571429
2020-05-03;"Nordeste";0;0,142857142857143
2020-05-03;"Norte";0;0
2020-05-03;"Oeste";0;0
2020-05-03;"Sudoeste";0;0,142857142857143
2020-05-03;"Sul";2;2,71428571428571
2020-05-04;"";0;0,142857142857143
2020-05-04;"Centro-leste";0;0
2020-05-04;"Centro-norte";1;0,142857142857143
2020-05-04;"Extremo sul";0;0,142857142857143
2020-05-04;"Leste";14;9,42857142857143
2020-05-04;"Nordeste";0;0,142857142857143
2020-05-04;"Norte";1;0,142857142857143
2020-05-04;"Oeste";0;0
2020-05-04;"Sudoeste";0;0,142857142857143
2020-05-04;"Sul";2;2,71428571428571
2020-05-05;"";0;0,142857142857143
2020-05-05;"Centro-leste";0;0
2020-05-05;"Centro-norte";0;0,142857142857143
2020-05-05;"Extremo sul";0;0,142857142857143
2020-05-05;"Leste";7;9,42857142857143
2020-05-05;"Nordeste";0;0,142857142857143
2020-05-05;"Norte";0;0,142857142857143
2020-05-05;"Oeste";0;0
2020-05-05;"Sudoeste";0;0,142857142857143
2020-05-05;"Sul";6;3,14285714285714
2020-05-06;"";0;0,142857142857143
2020-05-06;"Centro-leste";0;0
2020-05-06;"Centro-norte";1;0,285714285714286
2020-05-06;"Extremo sul";0;0,142857142857143
2020-05-06;"Leste";6;9,14285714285714
2020-05-06;"Nordeste";0;0
2020-05-06;"Norte";0;0,142857142857143
2020-05-06;"Oeste";0;0
2020-05-06;"Sudoeste";0;0,142857142857143
2020-05-06;"Sul";1;2,85714285714286
2020-05-07;"";0;0,142857142857143
2020-05-07;"Centro-leste";0;0
2020-05-07;"Centro-norte";0;0,285714285714286
2020-05-07;"Extremo sul";0;0
2020-05-07;"Leste";17;10
2020-05-07;"Nordeste";0;0
2020-05-07;"Norte";0;0,142857142857143
2020-05-07;"Oeste";0;0
2020-05-07;"Sudoeste";0;0,142857142857143
2020-05-07;"Sul";6;3,14285714285714
2020-05-08;"";0;0,142857142857143
2020-05-08;"Centro-leste";1;0,142857142857143
2020-05-08;"Centro-norte";0;0,285714285714286
2020-05-08;"Extremo sul";0;0
2020-05-08;"Leste";17;11,8571428571429
2020-05-08;"Nordeste";0;0
2020-05-08;"Norte";0;0,142857142857143
2020-05-08;"Oeste";0;0
2020-05-08;"Sudoeste";0;0,142857142857143
2020-05-08;"Sul";3;3,28571428571429
2020-05-09;"";0;0
2020-05-09;"Centro-leste";0;0,142857142857143
2020-05-09;"Centro-norte";1;0,428571428571429
2020-05-09;"Extremo sul";1;0,142857142857143
2020-05-09;"Leste";14;12,5714285714286
2020-05-09;"Nordeste";0;0
2020-05-09;"Norte";1;0,285714285714286
2020-05-09;"Oeste";0;0
2020-05-09;"Sudoeste";1;0,142857142857143
2020-05-09;"Sul";2;3,14285714285714
2020-05-10;"";0;0
2020-05-10;"Centro-leste";0;0,142857142857143
2020-05-10;"Centro-norte";0;0,428571428571429
2020-05-10;"Extremo sul";0;0,142857142857143
2020-05-10;"Leste";12;12,4285714285714
2020-05-10;"Nordeste";1;0,142857142857143
2020-05-10;"Norte";0;0,285714285714286
2020-05-10;"Oeste";0;0
2020-05-10;"Sudoeste";0;0,142857142857143
2020-05-10;"Sul";2;3,14285714285714
2020-05-11;"";0;0
2020-05-11;"Centro-leste";1;0,285714285714286
2020-05-11;"Centro-norte";1;0,428571428571429
2020-05-11;"Extremo sul";0;0,142857142857143
2020-05-11;"Leste";10;11,8571428571429
2020-05-11;"Nordeste";0;0,142857142857143
2020-05-11;"Norte";0;0,142857142857143
2020-05-11;"Oeste";1;0,142857142857143
2020-05-11;"Sudoeste";1;0,285714285714286
2020-05-11;"Sul";2;3,14285714285714
2020-05-12;"";0;0
2020-05-12;"Centro-leste";0;0,285714285714286
2020-05-12;"Centro-norte";0;0,428571428571429
2020-05-12;"Extremo sul";1;0,285714285714286
2020-05-12;"Leste";19;13,5714285714286
2020-05-12;"Nordeste";0;0,142857142857143
2020-05-12;"Norte";0;0,142857142857143
2020-05-12;"Oeste";0;0,142857142857143
2020-05-12;"Sudoeste";0;0,285714285714286
2020-05-12;"Sul";3;2,71428571428571
2020-05-13;"";1;0,142857142857143
2020-05-13;"Centro-leste";1;0,428571428571429
2020-05-13;"Centro-norte";0;0,285714285714286
2020-05-13;"Extremo sul";0;0,285714285714286
2020-05-13;"Leste";11;14,2857142857143
2020-05-13;"Nordeste";1;0,285714285714286
2020-05-13;"Norte";0;0,142857142857143
2020-05-13;"Oeste";0;0,142857142857143
2020-05-13;"Sudoeste";0;0,285714285714286
2020-05-13;"Sul";3;3
2020-05-14;"";0;0,142857142857143
2020-05-14;"Centro-leste";4;1
2020-05-14;"Centro-norte";0;0,285714285714286
2020-05-14;"Extremo sul";0;0,285714285714286
2020-05-14;"Leste";17;14,2857142857143
2020-05-14;"Nordeste";0;0,285714285714286
2020-05-14;"Norte";0;0,142857142857143
2020-05-14;"Oeste";0;0,142857142857143
2020-05-14;"Sudoeste";2;0,571428571428571
2020-05-14;"Sul";6;3
2020-05-15;"";0;0,142857142857143
2020-05-15;"Centro-leste";1;1
2020-05-15;"Centro-norte";1;0,428571428571429
2020-05-15;"Extremo sul";0;0,285714285714286
2020-05-15;"Leste";11;13,4285714285714
2020-05-15;"Nordeste";1;0,428571428571429
2020-05-15;"Norte";0;0,142857142857143
2020-05-15;"Oeste";0;0,142857142857143
2020-05-15;"Sudoeste";0;0,571428571428571
2020-05-15;"Sul";3;3
2020-05-16;"";0;0,142857142857143
2020-05-16;"Centro-leste";0;1
2020-05-16;"Centro-norte";0;0,285714285714286
2020-05-16;"Extremo sul";0;0,142857142857143
2020-05-16;"Leste";16;13,7142857142857
2020-05-16;"Nordeste";1;0,571428571428571
2020-05-16;"Norte";0;0
2020-05-16;"Oeste";0;0,142857142857143
2020-05-16;"Sudoeste";0;0,428571428571429
2020-05-16;"Sul";10;4,14285714285714
2020-05-17;"";0;0,142857142857143
2020-05-17;"Centro-leste";1;1,14285714285714
2020-05-17;"Centro-norte";0;0,285714285714286
2020-05-17;"Extremo sul";0;0,142857142857143
2020-05-17;"Leste";22;15,1428571428571
2020-05-17;"Nordeste";0;0,428571428571429
2020-05-17;"Norte";1;0,142857142857143
2020-05-17;"Oeste";0;0,142857142857143
2020-05-17;"Sudoeste";0;0,428571428571429
2020-05-17;"Sul";6;4,71428571428571
2020-05-18;"";0;0,142857142857143
2020-05-18;"Centro-leste";1;1,14285714285714
2020-05-18;"Centro-norte";0;0,142857142857143
2020-05-18;"Extremo sul";0;0,142857142857143
2020-05-18;"Leste";25;17,2857142857143
2020-05-18;"Nordeste";1;0,571428571428571
2020-05-18;"Norte";0;0,142857142857143
2020-05-18;"Oeste";0;0
2020-05-18;"Sudoeste";0;0,285714285714286
2020-05-18;"Sul";2;4,71428571428571
2020-05-19;"";0;0,142857142857143
2020-05-19;"Centro-leste";2;1,42857142857143
2020-05-19;"Centro-norte";0;0,142857142857143
2020-05-19;"Extremo sul";0;0
2020-05-19;"Leste";15;16,7142857142857
2020-05-19;"Nordeste";0;0,571428571428571
2020-05-19;"Norte";2;0,428571428571429
2020-05-19;"Oeste";0;0
2020-05-19;"Sudoeste";0;0,285714285714286
2020-05-19;"Sul";4;4,85714285714286
2020-05-20;"";0;0
2020-05-20;"Centro-leste";1;1,42857142857143
2020-05-20;"Centro-norte";0;0,142857142857143
2020-05-20;"Extremo sul";0;0
2020-05-20;"Leste";30;19,4285714285714
2020-05-20;"Nordeste";2;0,714285714285714
2020-05-20;"Norte";0;0,428571428571429
2020-05-20;"Oeste";0;0
2020-05-20;"Sudoeste";0;0,285714285714286
2020-05-20;"Sul";7;5,42857142857143
2020-05-21;"";0;0
2020-05-21;"Centro-leste";1;1
2020-05-21;"Centro-norte";0;0,142857142857143
2020-05-21;"Extremo sul";0;0
2020-05-21;"Leste";22;20,1428571428571
2020-05-21;"Nordeste";0;0,714285714285714
2020-05-21;"Norte";1;0,571428571428571
2020-05-21;"Oeste";0;0
2020-05-21;"Sudoeste";0;0
2020-05-21;"Sul";6;5,42857142857143
2020-05-22;"";0;0
2020-05-22;"Centro-leste";0;0,857142857142857
2020-05-22;"Centro-norte";0;0
2020-05-22;"Extremo sul";0;0
2020-05-22;"Leste";38;24
2020-05-22;"Nordeste";1;0,714285714285714
2020-05-22;"Norte";1;0,714285714285714
2020-05-22;"Oeste";0;0
2020-05-22;"Sudoeste";0;0
2020-05-22;"Sul";5;5,71428571428571
2020-05-23;"";1;0,142857142857143
2020-05-23;"Centro-leste";2;1,14285714285714
2020-05-23;"Centro-norte";0;0
2020-05-23;"Extremo sul";2;0,285714285714286
2020-05-23;"Leste";34;26,5714285714286
2020-05-23;"Nordeste";0;0,571428571428571
2020-05-23;"Norte";0;0,714285714285714
2020-05-23;"Oeste";0;0
2020-05-23;"Sudoeste";0;0
2020-05-23;"Sul";3;4,71428571428571
2020-05-24;"";1;0,285714285714286
2020-05-24;"Centro-leste";1;1,14285714285714
2020-05-24;"Centro-norte";0;0
2020-05-24;"Extremo sul";0;0,285714285714286
2020-05-24;"Leste";35;28,4285714285714
2020-05-24;"Nordeste";0;0,571428571428571
2020-05-24;"Norte";0;0,571428571428571
2020-05-24;"Oeste";0;0
2020-05-24;"Sudoeste";0;0
2020-05-24;"Sul";4;4,42857142857143
2020-05-25;"";0;0,285714285714286
2020-05-25;"Centro-leste";4;1,57142857142857
2020-05-25;"Centro-norte";0;0
2020-05-25;"Extremo sul";1;0,428571428571429
2020-05-25;"Leste";29;29
2020-05-25;"Nordeste";1;0,571428571428571
2020-05-25;"Norte";1;0,714285714285714
2020-05-25;"Oeste";0;0
2020-05-25;"Sudoeste";1;0,142857142857143
2020-05-25;"Sul";3;4,57142857142857
2020-05-26;"";0;0,285714285714286
2020-05-26;"Centro-leste";2;1,57142857142857
2020-05-26;"Centro-norte";0;0
2020-05-26;"Extremo sul";0;0,428571428571429
2020-05-26;"Leste";46;33,4285714285714
2020-05-26;"Nordeste";0;0,571428571428571
2020-05-26;"Norte";1;0,571428571428571
2020-05-26;"Oeste";0;0
2020-05-26;"Sudoeste";1;0,285714285714286
2020-05-26;"Sul";5;4,71428571428571
2020-05-27;"";0;0,285714285714286
2020-05-27;"Centro-leste";0;1,42857142857143
2020-05-27;"Centro-norte";0;0
2020-05-27;"Extremo sul";0;0,428571428571429
2020-05-27;"Leste";39;34,7142857142857
2020-05-27;"Nordeste";0;0,285714285714286
2020-05-27;"Norte";0;0,571428571428571
2020-05-27;"Oeste";0;0
2020-05-27;"Sudoeste";0;0,285714285714286
2020-05-27;"Sul";3;4,14285714285714
2020-05-28;"";0;0,285714285714286
2020-05-28;"Centro-leste";0;1,28571428571429
2020-05-28;"Centro-norte";0;0
2020-05-28;"Extremo sul";0;0,428571428571429
2020-05-28;"Leste";31;36
2020-05-28;"Nordeste";1;0,428571428571429
2020-05-28;"Norte";3;0,857142857142857
2020-05-28;"Oeste";0;0
2020-05-28;"Sudoeste";1;0,428571428571429
2020-05-28;"Sul";6;4,14285714285714
2020-05-29;"";1;0,428571428571429
2020-05-29;"Centro-leste";3;1,71428571428571
2020-05-29;"Centro-norte";1;0,142857142857143
2020-05-29;"Extremo sul";1;0,571428571428571
2020-05-29;"Leste";38;36
2020-05-29;"Nordeste";0;0,285714285714286
2020-05-29;"Norte";0;0,714285714285714
2020-05-29;"Oeste";0;0
2020-05-29;"Sudoeste";0;0,428571428571429
2020-05-29;"Sul";4;4
2020-05-30;"";0;0,285714285714286
2020-05-30;"Centro-leste";0;1,42857142857143
2020-05-30;"Centro-norte";0;0,142857142857143
2020-05-30;"Extremo sul";0;0,285714285714286
2020-05-30;"Leste";41;37
2020-05-30;"Nordeste";0;0,285714285714286
2020-05-30;"Norte";0;0,714285714285714
2020-05-30;"Oeste";0;0
2020-05-30;"Sudoeste";0;0,428571428571429
2020-05-30;"Sul";3;4
2020-05-31;"";0;0,142857142857143
2020-05-31;"Centro-leste";2;1,57142857142857
2020-05-31;"Centro-norte";0;0,142857142857143
2020-05-31;"Extremo sul";0;0,285714285714286
2020-05-31;"Leste";30;36,2857142857143
2020-05-31;"Nordeste";0;0,285714285714286
2020-05-31;"Norte";3;1,14285714285714
2020-05-31;"Oeste";0;0
2020-05-31;"Sudoeste";2;0,714285714285714
2020-05-31;"Sul";7;4,42857142857143
2020-06-01;"";0;0,142857142857143
2020-06-01;"Centro-leste";1;1,14285714285714
2020-06-01;"Centro-norte";0;0,142857142857143
2020-06-01;"Extremo sul";1;0,285714285714286
2020-06-01;"Leste";35;37,1428571428571
2020-06-01;"Nordeste";0;0,142857142857143
2020-06-01;"Norte";0;1
2020-06-01;"Oeste";0;0
2020-06-01;"Sudoeste";2;0,857142857142857
2020-06-01;"Sul";6;4,85714285714286
2020-06-02;"";0;0,142857142857143
2020-06-02;"Centro-leste";5;1,57142857142857
2020-06-02;"Centro-norte";0;0,142857142857143
2020-06-02;"Extremo sul";1;0,428571428571429
2020-06-02;"Leste";37;35,8571428571429
2020-06-02;"Nordeste";0;0,142857142857143
2020-06-02;"Norte";0;0,857142857142857
2020-06-02;"Oeste";0;0
2020-06-02;"Sudoeste";0;0,714285714285714
2020-06-02;"Sul";6;5
2020-06-03;"";0;0,142857142857143
2020-06-03;"Centro-leste";0;1,57142857142857
2020-06-03;"Centro-norte";0;0,142857142857143
2020-06-03;"Extremo sul";1;0,571428571428571
2020-06-03;"Leste";29;34,4285714285714
2020-06-03;"Nordeste";1;0,285714285714286
2020-06-03;"Norte";1;1
2020-06-03;"Oeste";0;0
2020-06-03;"Sudoeste";1;0,857142857142857
2020-06-03;"Sul";4;5,14285714285714
2020-06-04;"";0;0,142857142857143
2020-06-04;"Centro-leste";4;2,14285714285714
2020-06-04;"Centro-norte";0;0,142857142857143
2020-06-04;"Extremo sul";1;0,714285714285714
2020-06-04;"Leste";37;35,2857142857143
2020-06-04;"Nordeste";1;0,285714285714286
2020-06-04;"Norte";1;0,714285714285714
2020-06-04;"Oeste";1;0,142857142857143
2020-06-04;"Sudoeste";0;0,714285714285714
2020-06-04;"Sul";2;4,57142857142857
2020-06-05;"";1;0,142857142857143
2020-06-05;"Centro-leste";3;2,14285714285714
2020-06-05;"Centro-norte";0;0
2020-06-05;"Extremo sul";3;1
2020-06-05;"Leste";34;34,7142857142857
2020-06-05;"Nordeste";0;0,285714285714286
2020-06-05;"Norte";2;1
2020-06-05;"Oeste";0;0,142857142857143
2020-06-05;"Sudoeste";1;0,857142857142857
2020-06-05;"Sul";3;4,42857142857143
2020-06-06;"";0;0,142857142857143
2020-06-06;"Centro-leste";1;2,28571428571429
2020-06-06;"Centro-norte";0;0
2020-06-06;"Extremo sul";6;1,85714285714286
2020-06-06;"Leste";37;34,1428571428571
2020-06-06;"Nordeste";0;0,285714285714286
2020-06-06;"Norte";3;1,42857142857143
2020-06-06;"Oeste";2;0,428571428571429
2020-06-06;"Sudoeste";0;0,857142857142857
2020-06-06;"Sul";4;4,57142857142857
2020-06-07;"";0;0,142857142857143
2020-06-07;"Centro-leste";2;2,28571428571429
2020-06-07;"Centro-norte";0;0
2020-06-07;"Extremo sul";5;2,57142857142857
2020-06-07;"Leste";35;34,8571428571429
2020-06-07;"Nordeste";0;0,285714285714286
2020-06-07;"Norte";3;1,42857142857143
2020-06-07;"Oeste";0;0,428571428571429
2020-06-07;"Sudoeste";1;0,714285714285714
2020-06-07;"Sul";2;3,85714285714286
2020-06-08;"";0;0,142857142857143
2020-06-08;"Centro-leste";1;2,28571428571429
2020-06-08;"Centro-norte";1;0,142857142857143
2020-06-08;"Extremo sul";0;2,42857142857143
2020-06-08;"Leste";41;35,7142857142857
2020-06-08;"Nordeste";0;0,285714285714286
2020-06-08;"Norte";0;1,42857142857143
2020-06-08;"Oeste";0;0,428571428571429
2020-06-08;"Sudoeste";1;0,571428571428571
2020-06-08;"Sul";6;3,85714285714286
2020-06-09;"";0;0,142857142857143
2020-06-09;"Centro-leste";3;2
2020-06-09;"Centro-norte";0;0,142857142857143
2020-06-09;"Extremo sul";2;2,57142857142857
2020-06-09;"Leste";22;33,5714285714286
2020-06-09;"Nordeste";0;0,285714285714286
2020-06-09;"Norte";0;1,42857142857143
2020-06-09;"Oeste";0;0,428571428571429
2020-06-09;"Sudoeste";2;0,857142857142857
2020-06-09;"Sul";6;3,85714285714286
2020-06-10;"";0;0,142857142857143
2020-06-10;"Centro-leste";1;2,14285714285714
2020-06-10;"Centro-norte";0;0,142857142857143
2020-06-10;"Extremo sul";2;2,71428571428571
2020-06-10;"Leste";40;35,1428571428571
2020-06-10;"Nordeste";0;0,142857142857143
2020-06-10;"Norte";3;1,71428571428571
2020-06-10;"Oeste";0;0,428571428571429
2020-06-10;"Sudoeste";2;1
2020-06-10;"Sul";2;3,57142857142857
2020-06-11;"";0;0,142857142857143
2020-06-11;"Centro-leste";5;2,28571428571429
2020-06-11;"Centro-norte";0;0,142857142857143
2020-06-11;"Extremo sul";0;2,57142857142857
2020-06-11;"Leste";29;34
2020-06-11;"Nordeste";1;0,142857142857143
2020-06-11;"Norte";1;1,71428571428571
2020-06-11;"Oeste";0;0,285714285714286
2020-06-11;"Sudoeste";0;1
2020-06-11;"Sul";6;4,14285714285714
2020-06-12;"";0;0
2020-06-12;"Centro-leste";11;3,42857142857143
2020-06-12;"Centro-norte";1;0,285714285714286
2020-06-12;"Extremo sul";4;2,71428571428571
2020-06-12;"Leste";30;33,4285714285714
2020-06-12;"Nordeste";0;0,142857142857143
2020-06-12;"Norte";2;1,71428571428571
2020-06-12;"Oeste";0;0,285714285714286
2020-06-12;"Sudoeste";2;1,14285714285714
2020-06-12;"Sul";6;4,57142857142857
2020-06-13;"";0;0
2020-06-13;"Centro-leste";2;3,57142857142857
2020-06-13;"Centro-norte";1;0,428571428571429
2020-06-13;"Extremo sul";2;2,14285714285714
2020-06-13;"Leste";36;33,2857142857143
2020-06-13;"Nordeste";0;0,142857142857143
2020-06-13;"Norte";0;1,28571428571429
2020-06-13;"Oeste";2;0,285714285714286
2020-06-13;"Sudoeste";0;1,14285714285714
2020-06-13;"Sul";3;4,42857142857143
2020-06-14;"";0;0
2020-06-14;"Centro-leste";0;3,28571428571429
2020-06-14;"Centro-norte";0;0,428571428571429
2020-06-14;"Extremo sul";3;1,85714285714286
2020-06-14;"Leste";29;32,4285714285714
2020-06-14;"Nordeste";0;0,142857142857143
2020-06-14;"Norte";3;1,28571428571429
2020-06-14;"Oeste";0;0,285714285714286
2020-06-14;"Sudoeste";2;1,28571428571429
2020-06-14;"Sul";6;5
2020-06-15;"";0;0
2020-06-15;"Centro-leste";3;3,57142857142857
2020-06-15;"Centro-norte";1;0,428571428571429
2020-06-15;"Extremo sul";3;2,28571428571429
2020-06-15;"Leste";38;32
2020-06-15;"Nordeste";0;0,142857142857143
2020-06-15;"Norte";0;1,28571428571429
2020-06-15;"Oeste";1;0,428571428571429
2020-06-15;"Sudoeste";0;1,14285714285714
2020-06-15;"Sul";5;4,85714285714286
2020-06-16;"";0;0
2020-06-16;"Centro-leste";4;3,71428571428571
2020-06-16;"Centro-norte";0;0,428571428571429
2020-06-16;"Extremo sul";1;2,14285714285714
2020-06-16;"Leste";40;34,5714285714286
2020-06-16;"Nordeste";1;0,285714285714286
2020-06-16;"Norte";1;1,42857142857143
2020-06-16;"Oeste";0;0,428571428571429
2020-06-16;"Sudoeste";0;0,857142857142857
2020-06-16;"Sul";8;5,14285714285714
2020-06-17;"";0;0
2020-06-17;"Centro-leste";6;4,42857142857143
2020-06-17;"Centro-norte";0;0,428571428571429
2020-06-17;"Extremo sul";3;2,28571428571429
2020-06-17;"Leste";28;32,8571428571429
2020-06-17;"Nordeste";0;0,285714285714286
2020-06-17;"Norte";3;1,42857142857143
2020-06-17;"Oeste";0;0,428571428571429
2020-06-17;"Sudoeste";5;1,28571428571429
2020-06-17;"Sul";8;6
2020-06-18;"";0;0
2020-06-18;"Centro-leste";3;4,14285714285714
2020-06-18;"Centro-norte";0;0,428571428571429
2020-06-18;"Extremo sul";2;2,57142857142857
2020-06-18;"Leste";38;34,1428571428571
2020-06-18;"Nordeste";0;0,142857142857143
2020-06-18;"Norte";1;1,42857142857143
2020-06-18;"Oeste";1;0,571428571428571
2020-06-18;"Sudoeste";2;1,57142857142857
2020-06-18;"Sul";9;6,42857142857143
2020-06-19;"";0;0
2020-06-19;"Centro-leste";0;2,57142857142857
2020-06-19;"Centro-norte";0;0,285714285714286
2020-06-19;"Extremo sul";0;2
2020-06-19;"Leste";39;35,4285714285714
2020-06-19;"Nordeste";2;0,428571428571429
2020-06-19;"Norte";2;1,42857142857143
2020-06-19;"Oeste";0;0,571428571428571
2020-06-19;"Sudoeste";2;1,57142857142857
2020-06-19;"Sul";11;7,14285714285714
2020-06-20;"";0;0
2020-06-20;"Centro-leste";5;3
2020-06-20;"Centro-norte";0;0,142857142857143
2020-06-20;"Extremo sul";5;2,42857142857143
2020-06-20;"Leste";40;36
2020-06-20;"Nordeste";0;0,428571428571429
2020-06-20;"Norte";1;1,57142857142857
2020-06-20;"Oeste";1;0,428571428571429
2020-06-20;"Sudoeste";2;1,85714285714286
2020-06-20;"Sul";4;7,28571428571429
2020-06-21;"";1;0,142857142857143
2020-06-21;"Centro-leste";4;3,57142857142857
2020-06-21;"Centro-norte";0;0,142857142857143
2020-06-21;"Extremo sul";4;2,57142857142857
2020-06-21;"Leste";30;36,1428571428571
2020-06-21;"Nordeste";1;0,571428571428571
2020-06-21;"Norte";1;1,28571428571429
2020-06-21;"Oeste";0;0,428571428571429
2020-06-21;"Sudoeste";2;1,85714285714286
2020-06-21;"Sul";3;6,85714285714286
2020-06-22;"";0;0,142857142857143
2020-06-22;"Centro-leste";6;4
2020-06-22;"Centro-norte";1;0,142857142857143
2020-06-22;"Extremo sul";0;2,14285714285714
2020-06-22;"Leste";26;34,4285714285714
2020-06-22;"Nordeste";1;0,714285714285714
2020-06-22;"Norte";5;2
2020-06-22;"Oeste";0;0,285714285714286
2020-06-22;"Sudoeste";1;2
2020-06-22;"Sul";9;7,42857142857143
2020-06-23;"";0;0,142857142857143
2020-06-23;"Centro-leste";3;3,85714285714286
2020-06-23;"Centro-norte";2;0,428571428571429
2020-06-23;"Extremo sul";1;2,14285714285714
2020-06-23;"Leste";23;32
2020-06-23;"Nordeste";1;0,714285714285714
2020-06-23;"Norte";4;2,42857142857143
2020-06-23;"Oeste";1;0,428571428571429
2020-06-23;"Sudoeste";1;2,14285714285714
2020-06-23;"Sul";8;7,42857142857143
2020-06-24;"";0;0,142857142857143
2020-06-24;"Centro-leste";5;3,71428571428571
2020-06-24;"Centro-norte";0;0,428571428571429
2020-06-24;"Extremo sul";6;2,57142857142857
2020-06-24;"Leste";25;31,5714285714286
2020-06-24;"Nordeste";2;1
2020-06-24;"Norte";2;2,28571428571429
2020-06-24;"Oeste";0;0,428571428571429
2020-06-24;"Sudoeste";0;1,42857142857143
2020-06-24;"Sul";5;7
2020-06-25;"";1;0,285714285714286
2020-06-25;"Centro-leste";1;3,42857142857143
2020-06-25;"Centro-norte";0;0,428571428571429
2020-06-25;"Extremo sul";3;2,71428571428571
2020-06-25;"Leste";38;31,5714285714286
2020-06-25;"Nordeste";0;1
2020-06-25;"Norte";3;2,57142857142857
2020-06-25;"Oeste";1;0,428571428571429
2020-06-25;"Sudoeste";2;1,42857142857143
2020-06-25;"Sul";4;6,28571428571429
2020-06-26;"";0;0,285714285714286
2020-06-26;"Centro-leste";2;3,71428571428571
2020-06-26;"Centro-norte";1;0,571428571428571
2020-06-26;"Extremo sul";1;2,85714285714286
2020-06-26;"Leste";24;29,4285714285714
2020-06-26;"Nordeste";0;0,714285714285714
2020-06-26;"Norte";2;2,57142857142857
2020-06-26;"Oeste";0;0,428571428571429
2020-06-26;"Sudoeste";1;1,28571428571429
2020-06-26;"Sul";11;6,28571428571429
2020-06-27;"";1;0,428571428571429
2020-06-27;"Centro-leste";2;3,28571428571429
2020-06-27;"Centro-norte";1;0,714285714285714
2020-06-27;"Extremo sul";3;2,57142857142857
2020-06-27;"Leste";26;27,4285714285714
2020-06-27;"Nordeste";2;1
2020-06-27;"Norte";0;2,42857142857143
2020-06-27;"Oeste";0;0,285714285714286
2020-06-27;"Sudoeste";2;1,28571428571429
2020-06-27;"Sul";5;6,42857142857143
2020-06-28;"";0;0,285714285714286
2020-06-28;"Centro-leste";1;2,85714285714286
2020-06-28;"Centro-norte";1;0,857142857142857
2020-06-28;"Extremo sul";2;2,28571428571429
2020-06-28;"Leste";30;27,4285714285714
2020-06-28;"Nordeste";2;1,14285714285714
2020-06-28;"Norte";1;2,42857142857143
2020-06-28;"Oeste";2;0,571428571428571
2020-06-28;"Sudoeste";0;1
2020-06-28;"Sul";7;7
2020-06-29;"";0;0,285714285714286
2020-06-29;"Centro-leste";3;2,42857142857143
2020-06-29;"Centro-norte";0;0,714285714285714
2020-06-29;"Extremo sul";3;2,71428571428571
2020-06-29;"Leste";29;27,8571428571429
2020-06-29;"Nordeste";1;1,14285714285714
2020-06-29;"Norte";2;2
2020-06-29;"Oeste";0;0,571428571428571
2020-06-29;"Sudoeste";1;1
2020-06-29;"Sul";7;6,71428571428571
2020-06-30;"";0;0,285714285714286
2020-06-30;"Centro-leste";5;2,71428571428571
2020-06-30;"Centro-norte";1;0,571428571428571
2020-06-30;"Extremo sul";5;3,28571428571429
2020-06-30;"Leste";25;28,1428571428571
2020-06-30;"Nordeste";1;1,14285714285714
2020-06-30;"Norte";3;1,85714285714286
2020-06-30;"Oeste";0;0,428571428571429
2020-06-30;"Sudoeste";2;1,14285714285714
2020-06-30;"Sul";9;6,85714285714286
2020-07-01;"";2;0,571428571428571
2020-07-01;"Centro-leste";5;2,71428571428571
2020-07-01;"Centro-norte";0;0,571428571428571
2020-07-01;"Extremo sul";0;2,42857142857143
2020-07-01;"Leste";27;28,4285714285714
2020-07-01;"Nordeste";1;1
2020-07-01;"Norte";2;1,85714285714286
2020-07-01;"Oeste";0;0,428571428571429
2020-07-01;"Sudoeste";2;1,42857142857143
2020-07-01;"Sul";5;6,85714285714286
2020-07-02;"";0;0,428571428571429
2020-07-02;"Centro-leste";2;2,85714285714286
2020-07-02;"Centro-norte";0;0,571428571428571
2020-07-02;"Extremo sul";4;2,57142857142857
2020-07-02;"Leste";26;26,7142857142857
2020-07-02;"Nordeste";1;1,14285714285714
2020-07-02;"Norte";2;1,71428571428571
2020-07-02;"Oeste";1;0,428571428571429
2020-07-02;"Sudoeste";3;1,57142857142857
2020-07-02;"Sul";6;7,14285714285714
2020-07-03;"";0;0,428571428571429
2020-07-03;"Centro-leste";1;2,71428571428571
2020-07-03;"Centro-norte";0;0,428571428571429
2020-07-03;"Extremo sul";2;2,71428571428571
2020-07-03;"Leste";30;27,5714285714286
2020-07-03;"Nordeste";0;1,14285714285714
2020-07-03;"Norte";2;1,71428571428571
2020-07-03;"Oeste";0;0,428571428571429
2020-07-03;"Sudoeste";1;1,57142857142857
2020-07-03;"Sul";13;7,42857142857143
2020-07-04;"";0;0,285714285714286
2020-07-04;"Centro-leste";3;2,85714285714286
2020-07-04;"Centro-norte";0;0,285714285714286
2020-07-04;"Extremo sul";1;2,42857142857143
2020-07-04;"Leste";31;28,2857142857143
2020-07-04;"Nordeste";1;1
2020-07-04;"Norte";1;1,85714285714286
2020-07-04;"Oeste";0;0,428571428571429
2020-07-04;"Sudoeste";1;1,42857142857143
2020-07-04;"Sul";11;8,28571428571429
2020-07-05;"";0;0,285714285714286
2020-07-05;"Centro-leste";3;3,14285714285714
2020-07-05;"Centro-norte";1;0,285714285714286
2020-07-05;"Extremo sul";0;2,14285714285714
2020-07-05;"Leste";18;26,5714285714286
2020-07-05;"Nordeste";1;0,857142857142857
2020-07-05;"Norte";0;1,71428571428571
2020-07-05;"Oeste";0;0,142857142857143
2020-07-05;"Sudoeste";5;2,14285714285714
2020-07-05;"Sul";9;8,57142857142857
2020-07-06;"";0;0,285714285714286
2020-07-06;"Centro-leste";7;3,71428571428571
2020-07-06;"Centro-norte";0;0,285714285714286
2020-07-06;"Extremo sul";0;1,71428571428571
2020-07-06;"Leste";24;25,8571428571429
2020-07-06;"Nordeste";0;0,714285714285714
2020-07-06;"Norte";2;1,71428571428571
2020-07-06;"Oeste";1;0,285714285714286
2020-07-06;"Sudoeste";1;2,14285714285714
2020-07-06;"Sul";10;9
2020-07-07;"";0;0,285714285714286
2020-07-07;"Centro-leste";5;3,71428571428571
2020-07-07;"Centro-norte";0;0,142857142857143
2020-07-07;"Extremo sul";5;1,71428571428571
2020-07-07;"Leste";23;25,5714285714286
2020-07-07;"Nordeste";1;0,714285714285714
2020-07-07;"Norte";4;1,85714285714286
2020-07-07;"Oeste";1;0,428571428571429
2020-07-07;"Sudoeste";3;2,28571428571429
2020-07-07;"Sul";9;9
2020-07-08;"";0;0
2020-07-08;"Centro-leste";3;3,42857142857143
2020-07-08;"Centro-norte";0;0,142857142857143
2020-07-08;"Extremo sul";3;2,14285714285714
2020-07-08;"Leste";27;25,5714285714286
2020-07-08;"Nordeste";1;0,714285714285714
2020-07-08;"Norte";1;1,71428571428571
2020-07-08;"Oeste";1;0,571428571428571
2020-07-08;"Sudoeste";1;2,14285714285714
2020-07-08;"Sul";7;9,28571428571429
2020-07-09;"";0;0
2020-07-09;"Centro-leste";3;3,57142857142857
2020-07-09;"Centro-norte";0;0,142857142857143
2020-07-09;"Extremo sul";0;1,57142857142857
2020-07-09;"Leste";15;24
2020-07-09;"Nordeste";3;1
2020-07-09;"Norte";5;2,14285714285714
2020-07-09;"Oeste";0;0,428571428571429
2020-07-09;"Sudoeste";1;1,85714285714286
2020-07-09;"Sul";9;9,71428571428571
2020-07-10;"";0;0
2020-07-10;"Centro-leste";2;3,71428571428571
2020-07-10;"Centro-norte";0;0,142857142857143
2020-07-10;"Extremo sul";2;1,57142857142857
2020-07-10;"Leste";16;22
2020-07-10;"Nordeste";1;1,14285714285714
2020-07-10;"Norte";4;2,42857142857143
2020-07-10;"Oeste";0;0,428571428571429
2020-07-10;"Sudoeste";0;1,71428571428571
2020-07-10;"Sul";9;9,14285714285714
2020-07-11;"";0;0
2020-07-11;"Centro-leste";4;3,85714285714286
2020-07-11;"Centro-norte";0;0,142857142857143
2020-07-11;"Extremo sul";2;1,71428571428571
2020-07-11;"Leste";22;20,7142857142857
2020-07-11;"Nordeste";2;1,28571428571429
2020-07-11;"Norte";3;2,71428571428571
2020-07-11;"Oeste";0;0,428571428571429
2020-07-11;"Sudoeste";1;1,71428571428571
2020-07-11;"Sul";11;9,14285714285714
2020-07-12;"";0;0
2020-07-12;"Centro-leste";9;4,71428571428571
2020-07-12;"Centro-norte";0;0
2020-07-12;"Extremo sul";5;2,42857142857143
2020-07-12;"Leste";16;20,4285714285714
2020-07-12;"Nordeste";0;1,14285714285714
2020-07-12;"Norte";0;2,71428571428571
2020-07-12;"Oeste";2;0,714285714285714
2020-07-12;"Sudoeste";2;1,28571428571429
2020-07-12;"Sul";13;9,71428571428571
2020-07-13;"";1;0,142857142857143
2020-07-13;"Centro-leste";4;4,28571428571429
2020-07-13;"Centro-norte";0;0
2020-07-13;"Extremo sul";4;3
2020-07-13;"Leste";16;19,2857142857143
2020-07-13;"Nordeste";4;1,71428571428571
2020-07-13;"Norte";1;2,57142857142857
2020-07-13;"Oeste";1;0,714285714285714
2020-07-13;"Sudoeste";2;1,42857142857143
2020-07-13;"Sul";9;9,57142857142857
2020-07-14;"";1;0,285714285714286
2020-07-14;"Centro-leste";1;3,71428571428571
2020-07-14;"Centro-norte";1;0,142857142857143
2020-07-14;"Extremo sul";2;2,57142857142857
2020-07-14;"Leste";27;19,8571428571429
2020-07-14;"Nordeste";2;1,85714285714286
2020-07-14;"Norte";3;2,42857142857143
2020-07-14;"Oeste";0;0,571428571428571
2020-07-14;"Sudoeste";1;1,14285714285714
2020-07-14;"Sul";10;9,71428571428571
2020-07-15;"";0;0,285714285714286
2020-07-15;"Centro-leste";4;3,85714285714286
2020-07-15;"Centro-norte";1;0,285714285714286
2020-07-15;"Extremo sul";4;2,71428571428571
2020-07-15;"Leste";18;18,5714285714286
2020-07-15;"Nordeste";4;2,28571428571429
2020-07-15;"Norte";3;2,71428571428571
2020-07-15;"Oeste";0;0,428571428571429
2020-07-15;"Sudoeste";1;1,14285714285714
2020-07-15;"Sul";15;10,8571428571429
2020-07-16;"";0;0,285714285714286
2020-07-16;"Centro-leste";0;3,42857142857143
2020-07-16;"Centro-norte";1;0,428571428571429
2020-07-16;"Extremo sul";2;3
2020-07-16;"Leste";21;19,4285714285714
2020-07-16;"Nordeste";0;1,85714285714286
2020-07-16;"Norte";2;2,28571428571429
2020-07-16;"Oeste";3;0,857142857142857
2020-07-16;"Sudoeste";2;1,28571428571429
2020-07-16;"Sul";7;10,5714285714286
2020-07-17;"";0;0,285714285714286
2020-07-17;"Centro-leste";3;3,57142857142857
2020-07-17;"Centro-norte";1;0,571428571428571
2020-07-17;"Extremo sul";4;3,28571428571429
2020-07-17;"Leste";17;19,5714285714286
2020-07-17;"Nordeste";2;2
2020-07-17;"Norte";3;2,14285714285714
2020-07-17;"Oeste";2;1,14285714285714
2020-07-17;"Sudoeste";0;1,28571428571429
2020-07-17;"Sul";14;11,2857142857143
2020-07-18;"";0;0,285714285714286
2020-07-18;"Centro-leste";4;3,57142857142857
2020-07-18;"Centro-norte";1;0,714285714285714
2020-07-18;"Extremo sul";3;3,42857142857143
2020-07-18;"Leste";13;18,2857142857143
2020-07-18;"Nordeste";0;1,71428571428571
2020-07-18;"Norte";2;2
2020-07-18;"Oeste";2;1,42857142857143
2020-07-18;"Sudoeste";4;1,71428571428571
2020-07-18;"Sul";18;12,2857142857143
2020-07-19;"";1;0,428571428571429
2020-07-19;"Centro-leste";3;2,71428571428571
2020-07-19;"Centro-norte";3;1,14285714285714
2020-07-19;"Extremo sul";4;3,28571428571429
2020-07-19;"Leste";21;19
2020-07-19;"Nordeste";1;1,85714285714286
2020-07-19;"Norte";3;2,42857142857143
2020-07-19;"Oeste";0;1,14285714285714
2020-07-19;"Sudoeste";6;2,28571428571429
2020-07-19;"Sul";6;11,2857142857143
2020-07-20;"";0;0,285714285714286
2020-07-20;"Centro-leste";7;3,14285714285714
2020-07-20;"Centro-norte";1;1,28571428571429
2020-07-20;"Extremo sul";3;3,14285714285714
2020-07-20;"Leste";13;18,5714285714286
2020-07-20;"Nordeste";1;1,42857142857143
2020-07-20;"Norte";3;2,71428571428571
2020-07-20;"Oeste";0;1
2020-07-20;"Sudoeste";3;2,42857142857143
2020-07-20;"Sul";3;10,4285714285714
2020-07-21;"";2;0,428571428571429
2020-07-21;"Centro-leste";2;3,28571428571429
2020-07-21;"Centro-norte";1;1,28571428571429
2020-07-21;"Extremo sul";1;3
2020-07-21;"Leste";9;16
2020-07-21;"Nordeste";0;1,14285714285714
2020-07-21;"Norte";2;2,57142857142857
2020-07-21;"Oeste";3;1,42857142857143
2020-07-21;"Sudoeste";4;2,85714285714286
2020-07-21;"Sul";12;10,7142857142857
2020-07-22;"";1;0,571428571428571
2020-07-22;"Centro-leste";4;3,28571428571429
2020-07-22;"Centro-norte";0;1,14285714285714
2020-07-22;"Extremo sul";3;2,85714285714286
2020-07-22;"Leste";10;14,8571428571429
2020-07-22;"Nordeste";1;0,714285714285714
2020-07-22;"Norte";1;2,28571428571429
2020-07-22;"Oeste";1;1,57142857142857
2020-07-22;"Sudoeste";5;3,42857142857143
2020-07-22;"Sul";4;9,14285714285714
2020-07-23;"";0;0,571428571428571
2020-07-23;"Centro-leste";3;3,71428571428571
2020-07-23;"Centro-norte";0;1
2020-07-23;"Extremo sul";2;2,85714285714286
2020-07-23;"Leste";17;14,2857142857143
2020-07-23;"Nordeste";0;0,714285714285714
2020-07-23;"Norte";1;2,14285714285714
2020-07-23;"Oeste";6;2
2020-07-23;"Sudoeste";2;3,42857142857143
2020-07-23;"Sul";8;9,28571428571429
2020-07-24;"";0;0,571428571428571
2020-07-24;"Centro-leste";1;3,42857142857143
2020-07-24;"Centro-norte";2;1,14285714285714
2020-07-24;"Extremo sul";2;2,57142857142857
2020-07-24;"Leste";7;12,8571428571429
2020-07-24;"Nordeste";0;0,428571428571429
2020-07-24;"Norte";1;1,85714285714286
2020-07-24;"Oeste";0;1,71428571428571
2020-07-24;"Sudoeste";1;3,57142857142857
2020-07-24;"Sul";12;9
2020-07-25;"";0;0,571428571428571
2020-07-25;"Centro-leste";1;3
2020-07-25;"Centro-norte";1;1,14285714285714
2020-07-25;"Extremo sul";1;2,28571428571429
2020-07-25;"Leste";9;12,2857142857143
2020-07-25;"Nordeste";0;0,428571428571429
2020-07-25;"Norte";1;1,71428571428571
2020-07-25;"Oeste";1;1,57142857142857
2020-07-25;"Sudoeste";2;3,28571428571429
2020-07-25;"Sul";3;6,85714285714286
2020-07-26;"";1;0,571428571428571
2020-07-26;"Centro-leste";2;2,85714285714286
2020-07-26;"Centro-norte";2;1
2020-07-26;"Extremo sul";0;1,71428571428571
2020-07-26;"Leste";9;10,5714285714286
2020-07-26;"Nordeste";0;0,285714285714286
2020-07-26;"Norte";1;1,42857142857143
2020-07-26;"Oeste";1;1,71428571428571
2020-07-26;"Sudoeste";4;3
2020-07-26;"Sul";8;7,14285714285714
2020-07-27;"";1;0,714285714285714
2020-07-27;"Centro-leste";2;2,14285714285714
2020-07-27;"Centro-norte";1;1
2020-07-27;"Extremo sul";3;1,71428571428571
2020-07-27;"Leste";6;9,57142857142857
2020-07-27;"Nordeste";0;0,142857142857143
2020-07-27;"Norte";0;1
2020-07-27;"Oeste";2;2
2020-07-27;"Sudoeste";2;2,85714285714286
2020-07-27;"Sul";7;7,71428571428571
2020-07-28;"";0;0,428571428571429
2020-07-28;"Centro-leste";2;2,14285714285714
2020-07-28;"Centro-norte";0;0,857142857142857
2020-07-28;"Extremo sul";2;1,85714285714286
2020-07-28;"Leste";6;9,14285714285714
2020-07-28;"Nordeste";0;0,142857142857143
2020-07-28;"Norte";1;0,857142857142857
2020-07-28;"Oeste";3;2
2020-07-28;"Sudoeste";4;2,85714285714286
2020-07-28;"Sul";16;8,28571428571429
2020-07-29;"";0;0,285714285714286
2020-07-29;"Centro-leste";1;1,71428571428571
2020-07-29;"Centro-norte";1;1
2020-07-29;"Extremo sul";2;1,71428571428571
2020-07-29;"Leste";4;8,28571428571429
2020-07-29;"Nordeste";1;0,142857142857143
2020-07-29;"Norte";2;1
2020-07-29;"Oeste";4;2,42857142857143
2020-07-29;"Sudoeste";6;3
2020-07-29;"Sul";8;8,85714285714286
2020-07-30;"";0;0,285714285714286
2020-07-30;"Centro-leste";2;1,57142857142857
2020-07-30;"Centro-norte";1;1,14285714285714
2020-07-30;"Extremo sul";2;1,71428571428571
2020-07-30;"Leste";3;6,28571428571429
2020-07-30;"Nordeste";0;0,142857142857143
2020-07-30;"Norte";1;1
2020-07-30;"Oeste";2;1,85714285714286
2020-07-30;"Sudoeste";4;3,28571428571429
2020-07-30;"Sul";4;8,28571428571429
2020-07-31;"";1;0,428571428571429
2020-07-31;"Centro-leste";1;1,57142857142857
2020-07-31;"Centro-norte";1;1
2020-07-31;"Extremo sul";4;2
2020-07-31;"Leste";2;5,57142857142857
2020-07-31;"Nordeste";0;0,142857142857143
2020-07-31;"Norte";3;1,28571428571429
2020-07-31;"Oeste";1;2
2020-07-31;"Sudoeste";1;3,28571428571429
2020-07-31;"Sul";2;6,85714285714286
2020-08-01;"";0;0,428571428571429
2020-08-01;"Centro-leste";1;1,57142857142857
2020-08-01;"Centro-norte";0;0,857142857142857
2020-08-01;"Extremo sul";1;2
2020-08-01;"Leste";0;4,28571428571429
2020-08-01;"Nordeste";0;0,142857142857143
2020-08-01;"Norte";1;1,28571428571429
2020-08-01;"Oeste";3;2,28571428571429
2020-08-01;"Sudoeste";3;3,42857142857143
2020-08-01;"Sul";0;6,42857142857143
2020-08-02;"";0;0,285714285714286
2020-08-02;"Centro-leste";0;1,28571428571429
2020-08-02;"Centro-norte";0;0,571428571428571
2020-08-02;"Extremo sul";0;2
2020-08-02;"Leste";0;3
2020-08-02;"Nordeste";0;0,142857142857143
2020-08-02;"Norte";0;1,14285714285714
2020-08-02;"Oeste";3;2,57142857142857
2020-08-02;"Sudoeste";3;3,28571428571429
2020-08-02;"Sul";3;5,71428571428571
2020-08-03;"";0;0,142857142857143
2020-08-03;"Centro-leste";0;1
2020-08-03;"Centro-norte";0;0,428571428571429
2020-08-03;"Extremo sul";0;1,57142857142857
2020-08-03;"Leste";0;2,14285714285714
2020-08-03;"Nordeste";0;0,142857142857143
2020-08-03;"Norte";1;1,28571428571429
2020-08-03;"Oeste";1;2,42857142857143
2020-08-03;"Sudoeste";0;3
2020-08-03;"Sul";0;4,71428571428571
